{"Mosaics": {"_type": "images/separated", "width": 1280, "height": 1280, "format": "jpg", "count": 10, "filenames": ["media/images/Mosaics_0_8e6a8a7434a64f6a675d.jpg", "media/images/Mosaics_0_4b59d95023000b7e2243.jpg", "media/images/Mosaics_0_91c62cbf0e67820f213b.jpg", "media/images/Mosaics_0_a447b24c73251ec642c2.jpg", "media/images/Mosaics_0_b44a814d34d162846234.jpg", "media/images/Mosaics_0_a8d2bcec43e36a0438da.jpg", "media/images/Mosaics_0_12d9fa7f04bc0bcf6b8d.jpg", "media/images/Mosaics_0_efeac4dc71e000e5313d.jpg", "media/images/Mosaics_0_7aa526b3b122c0100088.jpg", "media/images/Mosaics_0_c83bdc7e7e79dcaab529.jpg"], "captions": ["train_batch3.jpg", "train_batch9.jpg", "train_batch1.jpg", "train_batch6.jpg", "train_batch4.jpg", "train_batch2.jpg", "train_batch7.jpg", "train_batch8.jpg", "train_batch5.jpg", "train_batch0.jpg"]}, "train/box_loss": 0.015484873205423355, "train/obj_loss": 0.0055113546550273895, "train/cls_loss": 0.0010033624712377787, "metrics/precision": 0.8982644837854188, "metrics/recall": 0.8299177007555288, "metrics/mAP_0.5": 0.8554585799259056, "metrics/mAP_0.5:0.95": 0.48357737871388096, "val/box_loss": 0.051578909158706665, "val/obj_loss": 0.020388904958963394, "val/cls_loss": 0.008780078031122684, "x/lr0": 0.001000355301082827, "x/lr1": 0.001000355301082827, "x/lr2": 0.001000355301082827, "_timestamp": 1669752927.648695, "_runtime": 33923.60761189461, "_step": 500, "Bounding Box Debugger/Images": {"_type": "images/separated", "width": 672, "height": 384, "format": "png", "count": 16, "filenames": ["media/images/Bounding Box Debugger/Images_499_631af2fd5fd8469d5655.png", "media/images/Bounding Box Debugger/Images_499_1357138a94abadb57d53.png", "media/images/Bounding Box Debugger/Images_499_05aef72f9f7cca83e132.png", "media/images/Bounding Box Debugger/Images_499_0eb3b63878024c86f2d6.png", "media/images/Bounding Box Debugger/Images_499_21b11e1e2e911ed2115a.png", "media/images/Bounding Box Debugger/Images_499_5c1d952c282be3b2328a.png", "media/images/Bounding Box Debugger/Images_499_48a762b4d747425190c1.png", "media/images/Bounding Box Debugger/Images_499_dbe148b96d41dd3225ce.png", "media/images/Bounding Box Debugger/Images_499_d9e4b4fe96d7593be644.png", "media/images/Bounding Box Debugger/Images_499_03920c602043284755c8.png", "media/images/Bounding Box Debugger/Images_499_54a2306a30ae57a639c5.png", "media/images/Bounding Box Debugger/Images_499_4a0eefd8c9345f0b6190.png", "media/images/Bounding Box Debugger/Images_499_5159a7534b43feb9098b.png", "media/images/Bounding Box Debugger/Images_499_ff92393303d86e7c50f1.png", "media/images/Bounding Box Debugger/Images_499_bf0b2b4d59f18268a539.png", "media/images/Bounding Box Debugger/Images_499_c6f638cc435a6bea833f.png"], "captions": ["smoking81_jpg.rf.68e3c3f1de04e2423d9de9804a09bf06.jpg", "phone_call132_jpg.rf.7d80f7952905e5d828e8fb2c219d960f.jpg", "drinking109_jpg.rf.aa74e6de666cc97c95b0c46f03279608.jpg", "drinking112_jpg.rf.de67faa4660b2f3546fb58e50d782dd4.jpg", "phone_call49_jpg.rf.745886f649c5112bcc86916a2bde92f1.jpg", "phone_call149_jpg.rf.aef1a4f5bf933991592233fec3d5e2bc.jpg", "drinking83_jpg.rf.b2f50fd8a1d32a2f3ecd5364220dff49.jpg", "phone_call102_jpg.rf.7e4d0f4a8b35e40c698548a5afbd1a89.jpg", "drinking113_jpg.rf.e96fcd6bc22cd6346ed09a91c6b58035.jpg", "smoking109_jpg.rf.a2f1629d9213e7a3d7ce42e4783430b9.jpg", "smoking94_jpg.rf.fbf81e71671a95ad2872ea108b39d4ab.jpg", "smoking196_jpg.rf.c4abeed9eb962e72f88bec5d5b71051e.jpg", "phone_call115_jpg.rf.77ff2e93aea31964818c28dd0b04f2fd.jpg", "phone_call99_jpg.rf.e62b50d1b8a3c4edfd91de09fabfd72c.jpg", "smoking27_jpg.rf.2d5ecf68c3f467f45153533859d6335f.jpg", "drinking64_jpg.rf.6249888fd8a818d904073c0f666a1b04.jpg"], "all_boxes": [{"predictions": {"_type": "boxes2D", "sha256": "3b16c150b873dfc53f27e5bb628fac1fa4fde4a7906f98426f8ddba7658ea25f", "size": 3177, "path": "media/metadata/boxes2D/Bounding Box Debugger/Images_499_3b16c150b873dfc53f27.boxes2D.json"}}, {"predictions": {"_type": "boxes2D", "sha256": "dfbe318ef5bfcf4c02a3c2e5b4c3e3a203ea9d43b3bf9a9e4eec34a5875c5d1a", "size": 2580, "path": "media/metadata/boxes2D/Bounding Box Debugger/Images_499_dfbe318ef5bfcf4c02a3.boxes2D.json"}}, {"predictions": {"_type": "boxes2D", "sha256": "045faf674e734efe5528bcae67dfa1e014aad2e26a968e22a923f7e832b9a265", "size": 1046, "path": "media/metadata/boxes2D/Bounding Box Debugger/Images_499_045faf674e734efe5528.boxes2D.json"}}, {"predictions": {"_type": "boxes2D", "sha256": "29ec66cd4521eb2e76d15f1813ce477951346c4339a6e4309f06599aa706c711", "size": 2776, "path": "media/metadata/boxes2D/Bounding Box Debugger/Images_499_29ec66cd4521eb2e76d1.boxes2D.json"}}, {"predictions": {"_type": "boxes2D", "sha256": "d992f02023fe57a6d482d9214d17c3d14ab64e54b9ddea8a03768cb7435608aa", "size": 4916, "path": "media/metadata/boxes2D/Bounding Box Debugger/Images_499_d992f02023fe57a6d482.boxes2D.json"}}, {"predictions": {"_type": "boxes2D", "sha256": "a04dc5f435d7bbc0cab974152828907315ef288f9341aa7d74de2ed024fc312b", "size": 1447, "path": "media/metadata/boxes2D/Bounding Box Debugger/Images_499_a04dc5f435d7bbc0cab9.boxes2D.json"}}, {"predictions": {"_type": "boxes2D", "sha256": "a517a851a33543ab99d9f314fac57ca63de4b79fc052e389393ce1e7a61a39a5", "size": 14367, "path": "media/metadata/boxes2D/Bounding Box Debugger/Images_499_a517a851a33543ab99d9.boxes2D.json"}}, {"predictions": {"_type": "boxes2D", "sha256": "3e61739545eb3b87f012d9b1c78de4cd4e815cafe65459e3be4a807512079b4a", "size": 6462, "path": "media/metadata/boxes2D/Bounding Box Debugger/Images_499_3e61739545eb3b87f012.boxes2D.json"}}, {"predictions": {"_type": "boxes2D", "sha256": "7c9f0fced4581a07f344de725cd3591e11ffbe9ec5cdeb299f8dfac0cc5c2a6a", "size": 1613, "path": "media/metadata/boxes2D/Bounding Box Debugger/Images_499_7c9f0fced4581a07f344.boxes2D.json"}}, {"predictions": {"_type": "boxes2D", "sha256": "bb28c27e545a35a0c287bec8802cdde55c213127071752fc7eb70f2bd506a092", "size": 1039, "path": "media/metadata/boxes2D/Bounding Box Debugger/Images_499_bb28c27e545a35a0c287.boxes2D.json"}}, {"predictions": {"_type": "boxes2D", "sha256": "39f2589d3191f20a8acc6952dcfb137b0e7926df4a77844cc5ef52d2887306c8", "size": 6660, "path": "media/metadata/boxes2D/Bounding Box Debugger/Images_499_39f2589d3191f20a8acc.boxes2D.json"}}, {"predictions": {"_type": "boxes2D", "sha256": "a82ea20b84a202898d8bfd8fa85ad319882ab671588bd1cd72180dfa449b876a", "size": 4329, "path": "media/metadata/boxes2D/Bounding Box Debugger/Images_499_a82ea20b84a202898d8b.boxes2D.json"}}, {"predictions": {"_type": "boxes2D", "sha256": "0b235c40868049ea4e8ee3fc13903afb6b1e9d60b002856f46c169744f9526af", "size": 659, "path": "media/metadata/boxes2D/Bounding Box Debugger/Images_499_0b235c40868049ea4e8e.boxes2D.json"}}, {"predictions": {"_type": "boxes2D", "sha256": "727b52d00367b7521f7bcc5444f6a678f0a4af8e2b67b37b62e705a967ac0f86", "size": 1640, "path": "media/metadata/boxes2D/Bounding Box Debugger/Images_499_727b52d00367b7521f7b.boxes2D.json"}}, {"predictions": {"_type": "boxes2D", "sha256": "aa1ff2bdcf9222c8d942a13932f1a8dd0b8e28d5a735ade77a1faa0787481560", "size": 3348, "path": "media/metadata/boxes2D/Bounding Box Debugger/Images_499_aa1ff2bdcf9222c8d942.boxes2D.json"}}, {"predictions": {"_type": "boxes2D", "sha256": "eead127d68130f8a42ef96423d8ec8d8c1165001a4438baa39e86a3cf64baeb2", "size": 2979, "path": "media/metadata/boxes2D/Bounding Box Debugger/Images_499_eead127d68130f8a42ef.boxes2D.json"}}]}, "Validation": {"_type": "images/separated", "width": 1280, "height": 732, "format": "jpg", "count": 6, "filenames": ["media/images/Validation_499_a680ea6087f4fe811df5.jpg", "media/images/Validation_499_e6ac719aa5c962552df5.jpg", "media/images/Validation_499_643203e5e12732ed8a0e.jpg", "media/images/Validation_499_17368d25ef5f2938140e.jpg", "media/images/Validation_499_0cb525c5cc0f572ab805.jpg", "media/images/Validation_499_264383739a143a2d0d1f.jpg"],