{"Mosaics": {"_type": "images/separated", "width": 1280, "height": 1280, "format": "jpg", "count": 10, "filenames": ["media/images/Mosaics_0_71c9d670abe727ad50dc.jpg", "media/images/Mosaics_0_c841574117e9b2f132db.jpg", "media/images/Mosaics_0_db5ca288f47b8bbbbe0a.jpg", "media/images/Mosaics_0_5803b50b4487f8ce24ca.jpg", "media/images/Mosaics_0_a002d11c2eeb3c59757b.jpg", "media/images/Mosaics_0_cb069f5210f6d3efa091.jpg", "media/images/Mosaics_0_0fab7e740988e155da40.jpg", "media/images/Mosaics_0_862ad7cc46eb5909030d.jpg", "media/images/Mosaics_0_521ed384363ea40bca7c.jpg", "media/images/Mosaics_0_9d4bce0b0018b8ab6cdc.jpg"], "captions": ["train_batch3.jpg", "train_batch9.jpg", "train_batch1.jpg", "train_batch6.jpg", "train_batch4.jpg", "train_batch2.jpg", "train_batch7.jpg", "train_batch8.jpg", "train_batch5.jpg", "train_batch0.jpg"]}, "train/box_loss": 0.017371054738759995, "train/obj_loss": 0.005935776513069868, "train/cls_loss": 0.000998560106381774, "metrics/precision": 0.8975383646675992, "metrics/recall": 0.8280364577877702, "metrics/mAP_0.5": 0.885937844215584, "metrics/mAP_0.5:0.95": 0.47263638212705283, "val/box_loss": 0.04053222015500069, "val/obj_loss": 0.01936202123761177, "val/cls_loss": 0.009149985387921333, "x/lr0": 0.0010009869243631953, "x/lr1": 0.0010009869243631953, "x/lr2": 0.0010009869243631953, "_timestamp": 1669644172.3938544, "_runtime": 17372.455689430237, "_step": 300, "Bounding Box Debugger/Images": {"_type": "images/separated", "width": 672, "height": 384, "format": "png", "count": 16, "filenames": ["media/images/Bounding Box Debugger/Images_299_ff433c05e8831808b83b.png", "media/images/Bounding Box Debugger/Images_299_9adbf8615ae80b30d44b.png", "media/images/Bounding Box Debugger/Images_299_9e6920206102a47749f9.png", "media/images/Bounding Box Debugger/Images_299_07ff0fafbddecc12de5e.png", "media/images/Bounding Box Debugger/Images_299_6f78b9244fb00db0ed2e.png", "media/images/Bounding Box Debugger/Images_299_2b9b57beebbabf7cbbaa.png", "media/images/Bounding Box Debugger/Images_299_c998955701648a0f396f.png", "media/images/Bounding Box Debugger/Images_299_5648d8dc124c1765f129.png", "media/images/Bounding Box Debugger/Images_299_4dbb62c5c8c4bd6a4a24.png", "media/images/Bounding Box Debugger/Images_299_6f20ed74f18231070e0c.png", "media/images/Bounding Box Debugger/Images_299_90b8e868d5429dd29488.png", "media/images/Bounding Box Debugger/Images_299_da3c9775ded329dfd168.png", "media/images/Bounding Box Debugger/Images_299_45e19dfe7f77c1d7ca64.png", "media/images/Bounding Box Debugger/Images_299_ac8bd794e7316930dbd6.png", "media/images/Bounding Box Debugger/Images_299_520825d6fc8243450666.png", "media/images/Bounding Box Debugger/Images_299_01708f3e257534f28603.png"], "captions": ["phone_call132_jpg.rf.4348a3b51c1a6658a96a573bd7de4de7.jpg", "drinking109_jpg.rf.f2d67fcbcc8448a9e548bc7a3c7d3763.jpg", "phone_call49_jpg.rf.5f5296ad2ca1203e539ebc4d1c50e08e.jpg", "drinking112_jpg.rf.63fe88abfb0b73f074a847c19468ba5e.jpg", "phone_call149_jpg.rf.35c88b67b05be1d7eda8961aa8c415b3.jpg", "phone_call11_jpg.rf.6eec2f58ea846306ae2720c51706424d.jpg", "phone_call102_jpg.rf.b3d30810ada80eab04ecaa15335a8f51.jpg", "drinking31_jpg.rf.aa85690092386ef082e6a6d49c1d6d31.jpg", "drinking113_jpg.rf.39bf33de9a5ca40d9b0a20f956162dc2.jpg", "smoking109_jpg.rf.e16b4f9a4c089c84f3e2f63cbc30916d.jpg", "smoking94_jpg.rf.a4a14fa70541a31d0cb124769a3f008c.jpg", "smoking209_jpg.rf.19b8834198af748fe81dfbbf01742e73.jpg", "smoking196_jpg.rf.143162be66e3d9dd9e04672297d7ada2.jpg", "phone_call115_jpg.rf.3e6c9a269e0e389d5bdf65341ee18d2c.jpg", "drinking111_jpg.rf.ccebd62c62159801336ffe26fb8565e4.jpg", "phone_call99_jpg.rf.eabbe93954301073732d27e20d07c824.jpg"], "all_boxes": [{"predictions": {"_type": "boxes2D", "sha256": "c274ccbf48105e7f1bb7c13557ad182426113ce9545cdf7fb77a1a2fd5873c30", "size": 1986, "path": "media/metadata/boxes2D/Bounding Box Debugger/Images_299_c274ccbf48105e7f1bb7.boxes2D.json"}}, {"predictions": {"_type": "boxes2D", "sha256": "d55391cf4c80bdc7030906a2fc6c86cf2bf6273edcb07f1d1337d1e3cbcf0356", "size": 1621, "path": "media/metadata/boxes2D/Bounding Box Debugger/Images_299_d55391cf4c80bdc70309.boxes2D.json"}}, {"predictions": {"_type": "boxes2D", "sha256": "31c4a40996389491223ddc648a7af23921a4dc1881b4cef75b94c03950a59203", "size": 3741, "path": "media/metadata/boxes2D/Bounding Box Debugger/Images_299_31c4a40996389491223d.boxes2D.json"}}, {"predictions": {"_type": "boxes2D", "sha256": "ab4911fe1219c44b1240a743030b6a7c844a8e42c145d142bb50c908d3aef773", "size": 1437, "path": "media/metadata/boxes2D/Bounding Box Debugger/Images_299_ab4911fe1219c44b1240.boxes2D.json"}}, {"predictions": {"_type": "boxes2D", "sha256": "dfe6120f25609c3c0229704977373dd6f9fad4b7a61e9c28e0180af98b2c2fc1", "size": 3360, "path": "media/metadata/boxes2D/Bounding Box Debugger/Images_299_dfe6120f25609c3c0229.boxes2D.json"}}, {"predictions": {"_type": "boxes2D", "sha256": "4ad406c4b2f49d544af10241bc2533171d47db0d79489b81674f98e54f512e9a", "size": 2008, "path": "media/metadata/boxes2D/Bounding Box Debugger/Images_299_4ad406c4b2f49d544af1.boxes2D.json"}}, {"predictions": {"_type": "boxes2D", "sha256": "43b875ec81ef7085035d680cb758b6ba6471710ac999c1fb08197229baac9690", "size": 4510, "path": "media/metadata/boxes2D/Bounding Box Debugger/Images_299_43b875ec81ef7085035d.boxes2D.json"}}, {"predictions": {"_type": "boxes2D", "sha256": "1553aeeae977defdd0ac04d6b83779311f2cc654d8b3343d4f6d443cbdaa0fcd", "size": 3365, "path": "media/metadata/boxes2D/Bounding Box Debugger/Images_299_1553aeeae977defdd0ac.boxes2D.json"}}, {"predictions": {"_type": "boxes2D", "sha256": "49cdae198e6c477128779839c3c7b500f6b86d9cef42f16a70afe96424e0cefd", "size": 3574, "path": "media/metadata/boxes2D/Bounding Box Debugger/Images_299_49cdae198e6c47712877.boxes2D.json"}}, {"predictions": {"_type": "boxes2D", "sha256": "f445ecc05be2bdc9f6471b04f6a2766124060036e94d0626940d475c24c75b4d", "size": 1420, "path": "media/metadata/boxes2D/Bounding Box Debugger/Images_299_f445ecc05be2bdc9f647.boxes2D.json"}}, {"predictions": {"_type": "boxes2D", "sha256": "727cac172671d62e3a8d36e0f70e223e69d78d2ea261b97f79cf9cff3025d25f", "size": 11850, "path": "media/metadata/boxes2D/Bounding Box Debugger/Images_299_727cac172671d62e3a8d.boxes2D.json"}}, {"predictions": {"_type": "boxes2D", "sha256": "67fe867fdff30c27007d6d83fe2ecd041cc44c95cf56ac4e7dce018fee8d674e", "size": 7036, "path": "media/metadata/boxes2D/Bounding Box Debugger/Images_299_67fe867fdff30c27007d.boxes2D.json"}}, {"predictions": {"_type": "boxes2D", "sha256": "4e929206e3e148613d8dbd6df808fe65f47eab132f10b7212610fc427df98714", "size": 7971, "path": "media/metadata/boxes2D/Bounding Box Debugger/Images_299_4e929206e3e148613d8d.boxes2D.json"}}, {"predictions": {"_type": "boxes2D", "sha256": "cca929bdbca10ce0573135d8313c3f3cc0ee8a4054d57c3906f79687b8a67dec", "size": 1231, "path": "media/metadata/boxes2D/Bounding Box Debugger/Images_299_cca929bdbca10ce05731.boxes2D.json"}}, {"predictions": {"_type": "boxes2D", "sha256": "55b0e7a813f5e75d832131c5b86d37d9fd0415979638d2f9601ae0f43fdb4b48", "size": 4142, "path": "media/metadata/boxes2D/Bounding Box Debugger/Images_299_55b0e7a813f5e75d8321.boxes2D.json"}}, {"predictions": {"_type": "boxes2D", "sha256": "e840e66c987172798a4ca9d9d01108f92cada267e58e5ea8f32317d43e5ba342", "size": 3363, "path": "media/metadata/boxes2D/Bounding Box Debugger/Images_299_e840e66c987172798a4c.boxes2D.json"}}]}, "Validation": {"_type": "images/separated", "width": 1280, "height": 732, "format": "jpg", "count": 6, "filenames": ["media/images/Validation_299_55b12765be246c632200.jpg", "media/images/Validation_299_6cba22c66f3678fb2918.jpg", "media/images/Validation_299_7293018b8ee52a188e67.jpg", "media/images/Validation_299_7b0f7c48f2322a47803b.jpg", "media/images/Validation_299_c886e4ea643a2f33b535.jpg", "media/images/Validation_299_4abdc9863aa40aa3afce.jpg"],