{"Mosaics": {"_type": "images/separated", "width": 1280, "height": 1280, "format": "jpg", "count": 10, "filenames": ["media/images/Mosaics_0_5dee020bced10eda529f.jpg", "media/images/Mosaics_0_9d8bf93c28609c1d07fb.jpg", "media/images/Mosaics_0_befb1b3d47047d834724.jpg", "media/images/Mosaics_0_396c6e8bb59879600e5c.jpg", "media/images/Mosaics_0_87b53dee57dca1d0074b.jpg", "media/images/Mosaics_0_bfd53bdb38bbca4a369e.jpg", "media/images/Mosaics_0_0d0ef4b2a45cdc22c7f6.jpg", "media/images/Mosaics_0_5957b640a01dd73c0f3d.jpg", "media/images/Mosaics_0_db6102186d35fb25106e.jpg", "media/images/Mosaics_0_ad6f7625f05e891cab7e.jpg"], "captions": ["train_batch3.jpg", "train_batch9.jpg", "train_batch1.jpg", "train_batch6.jpg", "train_batch4.jpg", "train_batch2.jpg", "train_batch7.jpg", "train_batch8.jpg", "train_batch5.jpg", "train_batch0.jpg"]}, "train/box_loss": 0.06512828171253204, "train/obj_loss": 0.013335062190890312, "train/cls_loss": 0.029575804248452187, "metrics/precision": 0.021946576555588945, "metrics/recall": 0.010882635882635883, "metrics/mAP_0.5": 0.0018144633937541414, "metrics/mAP_0.5:0.95": 0.00020995287502742415, "val/box_loss": 0.1035991683602333, "val/obj_loss": 0.017352063208818436, "val/cls_loss": 0.030088599771261215, "x/lr0": 0.004829957096970814, "x/lr1": 0.004829957096970814, "x/lr2": 0.05652995709697081, "_timestamp": 1669718765.92789, "_runtime": 175.60307097434998, "_step": 1, "_wandb": {"runtime": 189}}