{"Mosaics": {"_type": "images/separated", "width": 1280, "height": 1280, "format": "jpg", "count": 10, "filenames": ["media/images/Mosaics_0_71c9d670abe727ad50dc.jpg", "media/images/Mosaics_0_c841574117e9b2f132db.jpg", "media/images/Mosaics_0_db5ca288f47b8bbbbe0a.jpg", "media/images/Mosaics_0_5803b50b4487f8ce24ca.jpg", "media/images/Mosaics_0_a002d11c2eeb3c59757b.jpg", "media/images/Mosaics_0_cb069f5210f6d3efa091.jpg", "media/images/Mosaics_0_0fab7e740988e155da40.jpg", "media/images/Mosaics_0_862ad7cc46eb5909030d.jpg", "media/images/Mosaics_0_521ed384363ea40bca7c.jpg", "media/images/Mosaics_0_9d4bce0b0018b8ab6cdc.jpg"], "captions": ["train_batch3.jpg", "train_batch9.jpg", "train_batch1.jpg", "train_batch6.jpg", "train_batch4.jpg", "train_batch2.jpg", "train_batch7.jpg", "train_batch8.jpg", "train_batch5.jpg", "train_batch0.jpg"]}, "train/box_loss": 0.017514493316411972, "train/obj_loss": 0.005417779088020325, "train/cls_loss": 0.0009419976267963648, "metrics/precision": 0.9128517587664345, "metrics/recall": 0.8311119774062355, "metrics/mAP_0.5": 0.8971518587853132, "metrics/mAP_0.5:0.95": 0.47842925685620324, "val/box_loss": 0.05395334213972092, "val/obj_loss": 0.019618500024080276, "val/cls_loss": 0.007018720265477896, "x/lr0": 0.005273900568191038, "x/lr1": 0.005273900568191038, "x/lr2": 0.005273900568191038, "_timestamp": 1669623236.1192498, "_runtime": 30570.11310482025, "_step": 517, "Bounding Box Debugger/Images": {"_type": "images/separated", "width": 672, "height": 384, "format": "png", "count": 16, "filenames": ["media/images/Bounding Box Debugger/Images_499_ff433c05e8831808b83b.png", "media/images/Bounding Box Debugger/Images_499_9adbf8615ae80b30d44b.png", "media/images/Bounding Box Debugger/Images_499_9e6920206102a47749f9.png", "media/images/Bounding Box Debugger/Images_499_07ff0fafbddecc12de5e.png", "media/images/Bounding Box Debugger/Images_499_6f78b9244fb00db0ed2e.png", "media/images/Bounding Box Debugger/Images_499_2b9b57beebbabf7cbbaa.png", "media/images/Bounding Box Debugger/Images_499_c998955701648a0f396f.png", "media/images/Bounding Box Debugger/Images_499_5648d8dc124c1765f129.png", "media/images/Bounding Box Debugger/Images_499_4dbb62c5c8c4bd6a4a24.png", "media/images/Bounding Box Debugger/Images_499_6f20ed74f18231070e0c.png", "media/images/Bounding Box Debugger/Images_499_90b8e868d5429dd29488.png", "media/images/Bounding Box Debugger/Images_499_da3c9775ded329dfd168.png", "media/images/Bounding Box Debugger/Images_499_45e19dfe7f77c1d7ca64.png", "media/images/Bounding Box Debugger/Images_499_ac8bd794e7316930dbd6.png", "media/images/Bounding Box Debugger/Images_499_520825d6fc8243450666.png", "media/images/Bounding Box Debugger/Images_499_01708f3e257534f28603.png"], "captions": ["phone_call132_jpg.rf.4348a3b51c1a6658a96a573bd7de4de7.jpg", "drinking109_jpg.rf.f2d67fcbcc8448a9e548bc7a3c7d3763.jpg", "phone_call49_jpg.rf.5f5296ad2ca1203e539ebc4d1c50e08e.jpg", "drinking112_jpg.rf.63fe88abfb0b73f074a847c19468ba5e.jpg", "phone_call149_jpg.rf.35c88b67b05be1d7eda8961aa8c415b3.jpg", "phone_call11_jpg.rf.6eec2f58ea846306ae2720c51706424d.jpg", "phone_call102_jpg.rf.b3d30810ada80eab04ecaa15335a8f51.jpg", "drinking31_jpg.rf.aa85690092386ef082e6a6d49c1d6d31.jpg", "drinking113_jpg.rf.39bf33de9a5ca40d9b0a20f956162dc2.jpg", "smoking109_jpg.rf.e16b4f9a4c089c84f3e2f63cbc30916d.jpg", "smoking94_jpg.rf.a4a14fa70541a31d0cb124769a3f008c.jpg", "smoking209_jpg.rf.19b8834198af748fe81dfbbf01742e73.jpg", "smoking196_jpg.rf.143162be66e3d9dd9e04672297d7ada2.jpg", "phone_call115_jpg.rf.3e6c9a269e0e389d5bdf65341ee18d2c.jpg", "drinking111_jpg.rf.ccebd62c62159801336ffe26fb8565e4.jpg", "phone_call99_jpg.rf.eabbe93954301073732d27e20d07c824.jpg"], "all_boxes": [{"predictions": {"_type": "boxes2D", "sha256": "5e9aece82721d2948d9dac3a9360dadca9dfe180237812946edbfd9cd848119a", "size": 2023, "path": "media/metadata/boxes2D/Bounding Box Debugger/Images_499_5e9aece82721d2948d9d.boxes2D.json"}}, {"predictions": {"_type": "boxes2D", "sha256": "f0f392f2eccce15d0acb4c5be00946126b301dd22bf7229a08a757e0f0c42d06", "size": 860, "path": "media/metadata/boxes2D/Bounding Box Debugger/Images_499_f0f392f2eccce15d0acb.boxes2D.json"}}, {"predictions": {"_type": "boxes2D", "sha256": "f42dcbae1c13a152ec7e8fa68794d6857b6aad16953532aa0e26f1e58e32c1cc", "size": 2221, "path": "media/metadata/boxes2D/Bounding Box Debugger/Images_499_f42dcbae1c13a152ec7e.boxes2D.json"}}, {"predictions": {"_type": "boxes2D", "sha256": "c17db699eee4989229596e13c82d753511885a1ac5cfbf9db56e458790a58c9c", "size": 1424, "path": "media/metadata/boxes2D/Bounding Box Debugger/Images_499_c17db699eee498922959.boxes2D.json"}}, {"predictions": {"_type": "boxes2D", "sha256": "a79e6bc9ad5955dd35df75bcfdd77e4aadb0cb238295b290b4d90e3b1f2f6f51", "size": 2587, "path": "media/metadata/boxes2D/Bounding Box Debugger/Images_499_a79e6bc9ad5955dd35df.boxes2D.json"}}, {"predictions": {"_type": "boxes2D", "sha256": "df60c6e52386abd6494f29cf74498885775c55539b9ab75ecb7acfefc9d3cd73", "size": 1242, "path": "media/metadata/boxes2D/Bounding Box Debugger/Images_499_df60c6e52386abd6494f.boxes2D.json"}}, {"predictions": {"_type": "boxes2D", "sha256": "5c2199579986f4a29404aaeda0d1213f923cbf3f9e52390e928894aad25447ba", "size": 6660, "path": "media/metadata/boxes2D/Bounding Box Debugger/Images_499_5c2199579986f4a29404.boxes2D.json"}}, {"predictions": {"_type": "boxes2D", "sha256": "93f8d9578a74a2759a23232ba603b55a409b65f07fd434e60784c98fe27b7595", "size": 4314, "path": "media/metadata/boxes2D/Bounding Box Debugger/Images_499_93f8d9578a74a2759a23.boxes2D.json"}}, {"predictions": {"_type": "boxes2D", "sha256": "afedbfa9df273aac8f5cb9b38dd12fc9ad17f5c20ab2706768da4407542929fb", "size": 2384, "path": "media/metadata/boxes2D/Bounding Box Debugger/Images_499_afedbfa9df273aac8f5c.boxes2D.json"}}, {"predictions": {"_type": "boxes2D", "sha256": "2cd5ff191aa3df8a3fc2b0b04dbb448df2e4b4f967a4b67599502a0c0defd52c", "size": 1616, "path": "media/metadata/boxes2D/Bounding Box Debugger/Images_499_2cd5ff191aa3df8a3fc2.boxes2D.json"}}, {"predictions": {"_type": "boxes2D", "sha256": "737e319051defc4750b422df126c312a29229db9fd6a377520b4e2024088cce9", "size": 12720, "path": "media/metadata/boxes2D/Bounding Box Debugger/Images_499_737e319051defc4750b4.boxes2D.json"}}, {"predictions": {"_type": "boxes2D", "sha256": "a03f8a4796926bf745ed0312b2f343d99119faaf92a7a7dbccec44e512646f5a", "size": 12055, "path": "media/metadata/boxes2D/Bounding Box Debugger/Images_499_a03f8a4796926bf745ed.boxes2D.json"}}, {"predictions": {"_type": "boxes2D", "sha256": "dd8e51a9302b4a12f1657d5bcad3fa949175473fae88970c7bfcccfb5dcaa826", "size": 8548, "path": "media/metadata/boxes2D/Bounding Box Debugger/Images_499_dd8e51a9302b4a12f165.boxes2D.json"}}, {"predictions": {"_type": "boxes2D", "sha256": "47a9e48e0b4a1d217ac9014e77717556a1e2f821eef01e7057136e87c64cad37", "size": 2612, "path": "media/metadata/boxes2D/Bounding Box Debugger/Images_499_47a9e48e0b4a1d217ac9.boxes2D.json"}}, {"predictions": {"_type": "boxes2D", "sha256": "2eaabe29d551d53391f20009c11fa7ca2e42e1f1b727fe88fb3a2f12747b374d", "size": 2773, "path": "media/metadata/boxes2D/Bounding Box Debugger/Images_499_2eaabe29d551d53391f2.boxes2D.json"}}, {"predictions": {"_type": "boxes2D", "sha256": "2c2e5912d4c76f6208ad8f12f9174c8bace0ecada3a9bbc5212a9b6cd29caf60", "size": 2035, "path": "media/metadata/boxes2D/Bounding Box Debugger/Images_499_2c2e5912d4c76f6208ad.boxes2D.json"}}]}, "_wandb": {"runtime": 30570}}