{"Mosaics": {"_type": "images/separated", "width": 1280, "height": 1280, "format": "jpg", "count": 10, "filenames": ["media/images/Mosaics_0_71c9d670abe727ad50dc.jpg", "media/images/Mosaics_0_c841574117e9b2f132db.jpg", "media/images/Mosaics_0_db5ca288f47b8bbbbe0a.jpg", "media/images/Mosaics_0_5803b50b4487f8ce24ca.jpg", "media/images/Mosaics_0_a002d11c2eeb3c59757b.jpg", "media/images/Mosaics_0_cb069f5210f6d3efa091.jpg", "media/images/Mosaics_0_0fab7e740988e155da40.jpg", "media/images/Mosaics_0_862ad7cc46eb5909030d.jpg", "media/images/Mosaics_0_521ed384363ea40bca7c.jpg", "media/images/Mosaics_0_9d4bce0b0018b8ab6cdc.jpg"], "captions": ["train_batch3.jpg", "train_batch9.jpg", "train_batch1.jpg", "train_batch6.jpg", "train_batch4.jpg", "train_batch2.jpg", "train_batch7.jpg", "train_batch8.jpg", "train_batch5.jpg", "train_batch0.jpg"]}, "train/box_loss": 0.01479995809495449, "train/obj_loss": 0.005294083151966333, "train/cls_loss": 0.0009048005449585617, "metrics/precision": 0.8981703949394431, "metrics/recall": 0.8185939981087976, "metrics/mAP_0.5": 0.8646323002075491, "metrics/mAP_0.5:0.95": 0.4674795981701789, "val/box_loss": 0.04948139563202858, "val/obj_loss": 0.019441882148385048, "val/cls_loss": 0.006990247871726751, "x/lr0": 0.001000355301082827, "x/lr1": 0.001000355301082827, "x/lr2": 0.001000355301082827, "_timestamp": 1669581016.8449726, "_runtime": 29196.356946706772, "_step": 500, "Bounding Box Debugger/Images": {"_type": "images/separated", "width": 672, "height": 384, "format": "png", "count": 16, "filenames": ["media/images/Bounding Box Debugger/Images_499_ff433c05e8831808b83b.png", "media/images/Bounding Box Debugger/Images_499_9adbf8615ae80b30d44b.png", "media/images/Bounding Box Debugger/Images_499_9e6920206102a47749f9.png", "media/images/Bounding Box Debugger/Images_499_07ff0fafbddecc12de5e.png", "media/images/Bounding Box Debugger/Images_499_6f78b9244fb00db0ed2e.png", "media/images/Bounding Box Debugger/Images_499_2b9b57beebbabf7cbbaa.png", "media/images/Bounding Box Debugger/Images_499_c998955701648a0f396f.png", "media/images/Bounding Box Debugger/Images_499_5648d8dc124c1765f129.png", "media/images/Bounding Box Debugger/Images_499_4dbb62c5c8c4bd6a4a24.png", "media/images/Bounding Box Debugger/Images_499_6f20ed74f18231070e0c.png", "media/images/Bounding Box Debugger/Images_499_90b8e868d5429dd29488.png", "media/images/Bounding Box Debugger/Images_499_da3c9775ded329dfd168.png", "media/images/Bounding Box Debugger/Images_499_45e19dfe7f77c1d7ca64.png", "media/images/Bounding Box Debugger/Images_499_ac8bd794e7316930dbd6.png", "media/images/Bounding Box Debugger/Images_499_520825d6fc8243450666.png", "media/images/Bounding Box Debugger/Images_499_01708f3e257534f28603.png"], "captions": ["phone_call132_jpg.rf.4348a3b51c1a6658a96a573bd7de4de7.jpg", "drinking109_jpg.rf.f2d67fcbcc8448a9e548bc7a3c7d3763.jpg", "phone_call49_jpg.rf.5f5296ad2ca1203e539ebc4d1c50e08e.jpg", "drinking112_jpg.rf.63fe88abfb0b73f074a847c19468ba5e.jpg", "phone_call149_jpg.rf.35c88b67b05be1d7eda8961aa8c415b3.jpg", "phone_call11_jpg.rf.6eec2f58ea846306ae2720c51706424d.jpg", "phone_call102_jpg.rf.b3d30810ada80eab04ecaa15335a8f51.jpg", "drinking31_jpg.rf.aa85690092386ef082e6a6d49c1d6d31.jpg", "drinking113_jpg.rf.39bf33de9a5ca40d9b0a20f956162dc2.jpg", "smoking109_jpg.rf.e16b4f9a4c089c84f3e2f63cbc30916d.jpg", "smoking94_jpg.rf.a4a14fa70541a31d0cb124769a3f008c.jpg", "smoking209_jpg.rf.19b8834198af748fe81dfbbf01742e73.jpg", "smoking196_jpg.rf.143162be66e3d9dd9e04672297d7ada2.jpg", "phone_call115_jpg.rf.3e6c9a269e0e389d5bdf65341ee18d2c.jpg", "drinking111_jpg.rf.ccebd62c62159801336ffe26fb8565e4.jpg", "phone_call99_jpg.rf.eabbe93954301073732d27e20d07c824.jpg"], "all_boxes": [{"predictions": {"_type": "boxes2D", "sha256": "f20fa07cb253d18ba61f4a06d8e28b901e9fe1d327165be370e23bf39115b706", "size": 2213, "path": "media/metadata/boxes2D/Bounding Box Debugger/Images_499_f20fa07cb253d18ba61f.boxes2D.json"}}, {"predictions": {"_type": "boxes2D", "sha256": "55ffab1ab2a716502862de2a25fba88e305f65132e37e3d12b84f9a3fe7db98d", "size": 2390, "path": "media/metadata/boxes2D/Bounding Box Debugger/Images_499_55ffab1ab2a716502862.boxes2D.json"}}, {"predictions": {"_type": "boxes2D", "sha256": "2cbe9b42ff8dae7df2ba90e8017a5d30794ed758237f17318294a7526cd42cbc", "size": 2404, "path": "media/metadata/boxes2D/Bounding Box Debugger/Images_499_2cbe9b42ff8dae7df2ba.boxes2D.json"}}, {"predictions": {"_type": "boxes2D", "sha256": "aee2baf2fa7e2b848606a9a3cafc7c8edb6dcf6c1fe96755194ea5af31009f98", "size": 1628, "path": "media/metadata/boxes2D/Bounding Box Debugger/Images_499_aee2baf2fa7e2b848606.boxes2D.json"}}, {"predictions": {"_type": "boxes2D", "sha256": "dd5570e02af6e144a9062bd38078c81573cfac3c00a60d13e7f83d1c0b5e5a52", "size": 1244, "path": "media/metadata/boxes2D/Bounding Box Debugger/Images_499_dd5570e02af6e144a906.boxes2D.json"}}, {"predictions": {"_type": "boxes2D", "sha256": "c804bbe9a64cb179eb6cdd19861c12d3f5f6bd9319819dab17c26ddaa2294ddb", "size": 1248, "path": "media/metadata/boxes2D/Bounding Box Debugger/Images_499_c804bbe9a64cb179eb6c.boxes2D.json"}}, {"predictions": {"_type": "boxes2D", "sha256": "706d27595032391ac6cf8e0dbc9d2346e6bb379d67a12686e5c7c33a21c1fdde", "size": 3560, "path": "media/metadata/boxes2D/Bounding Box Debugger/Images_499_706d27595032391ac6cf.boxes2D.json"}}, {"predictions": {"_type": "boxes2D", "sha256": "99f1a34f2ec9191ad19833a5f79e2f74cc0dc243af29679ed7bac0fb160795e3", "size": 3159, "path": "media/metadata/boxes2D/Bounding Box Debugger/Images_499_99f1a34f2ec9191ad198.boxes2D.json"}}, {"predictions": {"_type": "boxes2D", "sha256": "1499cc9c91cb6d1a6fbd25fef6615c7d384b1a7a441b4994ca131eaf5c3a4d9a", "size": 3155, "path": "media/metadata/boxes2D/Bounding Box Debugger/Images_499_1499cc9c91cb6d1a6fbd.boxes2D.json"}}, {"predictions": {"_type": "boxes2D", "sha256": "d7b5a2f46ca97651bc29fdcb2331859566d0fe98ac9360a722aec6e79482dcdb", "size": 1794, "path": "media/metadata/boxes2D/Bounding Box Debugger/Images_499_d7b5a2f46ca97651bc29.boxes2D.json"}}, {"predictions": {"_type": "boxes2D", "sha256": "8c69d3213099300bc01ded9a429bfd8e666e90d7c85b98717df8b74ea40625d2", "size": 8736, "path": "media/metadata/boxes2D/Bounding Box Debugger/Images_499_8c69d3213099300bc01d.boxes2D.json"}}, {"predictions": {"_type": "boxes2D", "sha256": "f4612e48298dc7ebfc55d1f936b527cf6e1571dbfd429a6bc363a7444f8173e5", "size": 5674, "path": "media/metadata/boxes2D/Bounding Box Debugger/Images_499_f4612e48298dc7ebfc55.boxes2D.json"}}, {"predictions": {"_type": "boxes2D", "sha256": "29e5a7e875265f0b15fb69c2f40a4a56688a21fd6c786679a907822f3b2c17ad", "size": 5303, "path": "media/metadata/boxes2D/Bounding Box Debugger/Images_499_29e5a7e875265f0b15fb.boxes2D.json"}}, {"predictions": {"_type": "boxes2D", "sha256": "dad3ebc8d2480a1f3097c4e87ce84e7743a481d6db5bbad8ce6e2d1adeec50c3", "size": 1827, "path": "media/metadata/boxes2D/Bounding Box Debugger/Images_499_dad3ebc8d2480a1f3097.boxes2D.json"}}, {"predictions": {"_type": "boxes2D", "sha256": "3b21b979d4657a9533f11b30fc466606f6072a8f0cddb13222944a912035dc94", "size": 3164, "path": "media/metadata/boxes2D/Bounding Box Debugger/Images_499_3b21b979d4657a9533f1.boxes2D.json"}}, {"predictions": {"_type": "boxes2D", "sha256": "f8eda5ae00f630365dac2f6c52bc77ecf45685d8a38efbc8dfaf7aa749083a0f", "size": 3393, "path": "media/metadata/boxes2D/Bounding Box Debugger/Images_499_f8eda5ae00f630365dac.boxes2D.json"}}]}, "Validation": {"_type": "images/separated", "width": 1280, "height": 732, "format": "jpg", "count": 6, "filenames": ["media/images/Validation_499_55b12765be246c632200.jpg", "media/images/Validation_499_65380a51044cb188aafe.jpg", "media/images/Validation_499_7293018b8ee52a188e67.jpg", "media/images/Validation_499_9a31b2a328b8013910d2.jpg", "media/images/Validation_499_c886e4ea643a2f33b535.jpg", "media/images/Validation_499_fd339f690e1dcec1baf5.jpg"],